OUTIL DE TRI DES DONS,,,,,,
"Date du : Mon 12 January, 2026, 20:59:55",,,,,,
Nombre de boucle(s) : 261,,,,,,
Nombre de lots à trier : 322,,,,,,
Nombre de lots triés : 274,,,,,,
Nombre de lots non triés : 48,,,,,,
Nombre de lots MIX non triés : 13,,,,,,
"Nombre de lots ADULTES non triés : 13 avec 10 parties, quine à 100€, double quine à 200€, carton à 350€, gros lot à plus de 770€ et pas de bol à plus de 300€.",,,,,,
"Nombre de lots ENFANTS non triés : 14 avec 4 parties, quine à 100€, double quine à 200€ et carton à 300€, gros lot à plus de 280€ et pas de bol à plus de 400€.",,,,,,
,,,,,,
Pepette pommes chevrier,Violaine,"2,80€",jus de poire,Mix,Mix,
Pepette pommes chevrier,Violaine,"2,80€",jus de pomme,Mix,Mix,
Tabac Viry,Violaine,"1,90€",Pencil HB,Mix,Mix,
Tabac Viry,Violaine,"1,90€",Pencil HB,Mix,Mix,
Pepette pommes chevrier,Violaine,"2,80€",jus de pomme,Mix,Mix,
Pepette pommes chevrier,Violaine,"2,80€",jus de poire,Mix,Mix,
Pepette pommes chevrier,Violaine,"2,80€",jus de pomme,Mix,Mix,
Pepette pommes chevrier,Violaine,"2,80€",jus de poire,Mix,Mix,
Pepette pommes chevrier,Violaine,"2,80€",jus de pomme,Mix,Mix,
Pepette pommes chevrier,Violaine,"2,80€",jus de poire,Mix,Mix,
Pepette pommes chevrier,Violaine,"2,80€",jus de pomme,Mix,Mix,
Pepette pommes chevrier,Violaine,"2,80€",jus de poire,Mix,Mix,
Pepette pommes chevrier,Violaine,"2,80€",jus de poire,Mix,Mix,
Papo'thé,Ines,"1,19€",porte bague,Enfant,Fille,
Tabac Viry,Violaine,"4,50€",Bâton lumineux ,Enfant,Fille,
Tabac Viry,Violaine,"2,00€",Dinosaur Glow,Enfant,,
Le Sunset Vitam,Olivier,"4,99€","Bd  ""Le petit spirou""",Enfant,Mix,
Intermarché Peron,Ines,"4,95€",BARBIE SIRENE CORAIL,Enfant,Mix,
Intermarché Peron,Ines,"2,10€",YAMS ET BLOC,Enfant,Mix,
Intermarché Peron,Ines,"4,85€",CORDE A SAUTER GLAMOUR,Enfant,Mix,
Tabac Viry,Violaine,"2,00€",Dinosaur Glow,Enfant,,
,,,,,,
,,,,,,
Intermarché Peron,Ines,"2,10€",Yam's,Enfant,Mix,
Tabac Viry ,Violaine,"4,99€",Barbie Fashion ,Enfant,Fille,
Intermarché Peron,Ines,"1,00€",Jeu de 7 familles,Enfant,Mix,
Papo'thé,Ines,"1,19€",porte bague,Enfant,Fille,
Pepette pommes chevrier,Violaine,"2,80€","jus de pomme 
",,,
Bulle de pion,Laurence,"9,00€","roman Sylvain Tesson 
",,,
,,,,,,
Papo'thé,Ines,"3,25€",pinceau alimentaire ,Adulte,Mix,
Papo'thé,Ines,"4,50€",carnet de coloriage Clairefontaine,Adulte,Mix,
Papo'thé,Ines,"3,99€",douille alimentaire cœur ,Adulte,Mix,
Tabac Viry,Violaine,"4,90€","Torchon chien ""Ouaf!""",Adulte,Mix,
Papo'thé,Ines,"3,99€",douille alimentaire (points/lignes),Adulte,Mix,
Papo'thé,Ines,"3,25€",pinceau alimentaire ,Adulte,Mix,
Papo'thé,Ines,"3,99€",douille alimentaire (points/lignes),Adulte,Mix,
Papo'thé,Ines,"3,99€",douille alimentaire cœur ,Adulte,Mix,
Atout Pom ,Violaine,"20,00€","1 cagette de Pommes 
",,,
Carrefour contact Viry,Violaine,"20,00€","1 Bon 20 euros
",,,
Domaine de la Mucelle,Manon,37€,1 lot comprenant 3 bouteilles de vin,Adulte,Mix,mucelle.jpg
DELIASIE (restaurant VIRY),Violaine,"35,00€",Bon de 35€,Adulte,mix,deli_asie.png
,,,,,,
,,,,,,
,,,,,,
GRILLES AUTOMATIQUES,,,,,,
,,,,,,
Parties Adulte,,,,,,
Partie Adulte n°1,,,,,,
Quine,,,,,,
Tabac Viry,Violaine,"18,00€",Bijou,Adulte,Fille,tabac_viry.jpg
Kebab Izmir,Juliette,"10,00€",1 menu offert ,Mix,Mix,izmir_kebab.jpg
Version Mode,Ines,"15,00€",Bon d’achat,Adulte,Fille,version_mode.jpg
Biofrais,Manon,"20,00€",bon d'achat 20€,Adulte,Mix,bio_frais.jpg
La Boulangerie Archamps,Juliette,"24,00€",Bon pour un gâteau 6 personnes,Mix,Mix,boulangerie_archamps.jpg
Intermarché Peron,Ines,"11,99€",Set de deux assiettes à dessert,Adulte,Mix,intermarche_peron.jpg
Clarins,Ines et Charlotte ,"8,00€",Mini trousse My Clarins Must-haves,Adulte,Fille,clarins.jpg
Mise de,,"106,99€",/ 100€ pour cette manche,,,
,,,,,,
Double-quine,,,,,,
kinésiologie Céline Charanda,Ines,"60,00€",Bon pour une séance de Kinésiologie ,Adulte,Mix,kinesiologie_Celine_Charanda.jpg
Cécile Fournier IAD,Cécile,"50,00€",Coffret gourmand Truffe,Adulte,Mix,cf_iad.webp
LR Beauty ,Ines,"35,00€",1 Bon pour un moment de détente ,Adulte,Mix,lr.png
Brasserie les Adennes,Violaine,"49,90€",1 bouteille Prestige,Adulte,Mix,adennes.jpg
Pizzeria Chez Dydou,Manon,"20,00€",Bon pour une pizza,Adulte,Mix,dydou.jpg
Loisirs Gessien,Laurence,"12,00€",2 bouteilles de vin blanc Chardonnay,Adulte,Mix,loisirs_gessiens.png
Mise de,,"226,90€",/ 200€ pour cette manche,,,
,,,,,,
Carton,,,,,,
Mon'ts Immobilier Cristel Limousin ,Cécile,"245,00€",Bon stage de pilotage voiture sur circuit,Adulte,Mix,mon_ts_immobilier.jpg
Glaces des Alpes,Manon,"16,50 €",bons pour 3 bacs de glace,Adulte,Mix,glaces_des_alpes.jpg
Lucie Paoletti IAD,Cécile,"20,00€",Un terrarium,Adulte,Mix,lucie-iad.png
Resto bar Chez Mano,Manon,"30,00€",Bon pour boissons (30€),Adulte,Mix,chez_mano.jpg
Mise de,,"311,50€",/ 350€ pour cette manche,,,
,,,,,,
,,,,,,
Partie Adulte n°2,,,,,,
Quine,,,,,,
Kebab Izmir,Juliette,"10,00€",1 menu offert ,Mix,Mix,izmir_kebab.jpg
the barber one,Manon,"15,00€",Bon pour un soin barbe premium,Adulte,Garcon,barber_one.jpg
Gamm vert,Isabelle ,"15,00€",1 assortiment de chocolats ,Adulte,Mix,gamm_vert.jpg
Anne Brunello,Violaine,"25,00€",1 heure de cours de dessin,Mix,Mix,anne_brunello.jpg
Loisirs Gessien,Laurence,"12,00€",2 bouteilles de vin blanc Chardonnay,Adulte,Mix,loisirs_gessiens.png
Intermarché Peron,Ines,"19,90€",Une couette,Adulte,Mix,intermarche_peron.jpg
Cécile Fournier IAD,Cécile,"10,00€",1 bouteille de vin,Adulte,Mix,cf_iad.webp
Mise de,,"106,90€",/ 100€ pour cette manche,,,
,,,,,,
Double-quine,,,,,,
Cathy Alves reflexologie plantaire,Juliette,"50,00€",1 séance de réfléxologie plantaire,Mix,Mix,cathy_alves.png
L’occitane,Ines et Charlotte ,"45,00€",La mousse Karité 350 ml,Adulte,Mix,occitane.jpg
Coiffeur Visio n’hairr,Manon,"36,00€",Une brosse + un soin,Adulte,Fille,vision_hair.jpg
Brasserie les Adennes,Violaine,"49,90€",1 bouteille Prestige,Adulte,Mix,adennes.jpg
LR Beauty ,Ines,"35,00€",1 Bon pour un moment de détente ,Adulte,Mix,lr.png
Mise de,,"215,90€",/ 200€ pour cette manche,,,
,,,,,,
Carton,,,,,,
Garage SB Automotive,Ines,"200,00€",Bon cadeau ,Adulte,Mix,sb.png
APE de Valleiry,Ines,"89,99€",Montre connectée femme,Adulte,,ape.png
Vitam aquatique ,Juliette,"72,00€",2 entrées Enfant et 2 entrées adulte,Mix,Mix,vitam_ucpa.jpg
Mise de,,"361,99€",/ 350€ pour cette manche,,,
,,,,,,
,,,,,,
Partie Adulte n°3,,,,,,
Quine,,,,,,
Fromagerie Bouchet,Manon,"17,50€",bon pour un reblochon,Adulte,Mix,bouchet.png
Intermarché Peron,Ines,"15,00€",verres à coktail,Adulte,Mix,intermarche_peron.jpg
Pizzeria Chez Dydou,Manon,"20,00€",Bon pour une pizza,Adulte,Mix,dydou.jpg
Anne Brunello,Violaine,"25,00€",1 heure de cours de dessin,Mix,Mix,anne_brunello.jpg
Papo'thé,Ines,"15,00€",un carnet de notes astrologique ,Adulte,Mix,papothe.jpg
Kebab Izmir,Juliette,"10,00€",1 menu offert,Mix,Mix,izmir_kebab.jpg
Mise de,,"102,50€",/ 100€ pour cette manche,,,
,,,,,,
Double-quine,,,,,,
Atout clefs 74 Valleiry,Violaine,"50,00€",un bon d'achat,Adulte,Mix,atout_cles.webp
L’occitane,Ines et Charlotte ,"46,00€",1 coffret Cédrat L’Occitane,Adulte,Mix,occitane.jpg
Papo'thé ,Manon,"26,95€",chaussons chauffants,Adulte,Fille,papothe.jpg
kinésiologie Céline Charanda,Ines,"60,00€",Bon pour une séance de Kinésiologie ,Adulte,Mix,kinesiologie_Celine_Charanda.jpg
LR Beauty ,Ines,"35,00€",1 Bon pour un moment de détente ,Adulte,Fille,lr.png
Mise de,,"217,95€",/ 200€ pour cette manche,,,
,,,,,,
Carton,,,,,,
Swiss Gun Center (Genève),Gaëlle ,"360,00€",test 5 armes pour 2 personnes,Adulte,Mix,swiss_gun_center.jpg
Mise de,,"360,00€",/ 350€ pour cette manche,,,
,,,,,,
,,,,,,
Partie Adulte n°4,,,,,,
Quine,,,,,,
Bosson Valleiry ,Violaine,"20,00€",1 bon de 20€,Adulte,Mix,bosson.jpg
La grande evasion escape game,Juliette,"25,00€",1 bon cadeau de 25 euros,Mix,Mix,la_grande_evasion_escape_game.png
Boucherie la Charolaise,Violaine,"25,00€",1 bon d'achat de 25€,Adulte,Mix,la_charolaise.png
Tabac Viry,Violaine,"9,90€",Bijou,Adulte,femme,tabac_viry.jpg
Intermarché Peron,Ines,"12,90€",HOUSSE DE COUETTE + TAIES D'OREILLER,Adulte,Mix,intermarche_peron.jpg
Intermarché Peron,Ines,"9,99€",Un tabouret,Adulte,Mix,intermarche_peron.jpg
Intermarché Peron,Ines,"9,98€",SET DE 2 TASSES A CAFE,Adulte,Mix,intermarche_peron.jpg
Intermarché Peron,Ines,"5,99€",UN OREILLER,Adulte,Mix,intermarche_peron.jpg
Intermarché Peron,Ines,"9,98€",SET DE 2 TASSES A CAFE ,Adulte,Mix,intermarche_peron.jpg
Mise de,,"108,74€",/ 100€ pour cette manche,,,
,,,,,,
Double-quine,,,,,,
La Nature du Vin,Laurie-Anne,"40,00€",COFFRET 2 BOUTEILLES,Adulte,Mix,nature_du_vin.jpg
kinésiologie Céline Charanda,Ines,"60,00€",Bon pour une séance de Kinésiologie ,Adulte,Mix,kinesiologie_Celine_Charanda.jpg
Intermarché Peron,Ines,"40,00€",Une cafetière Inox,Adulte,Mix,intermarche_peron.jpg
LR Beauty ,Ines,"35,00€",1 Bon pour un moment de détente ,Adulte,Mix,lr.png
the barber one,Manon,"20,00€",Bon pour 1 coupe,Adulte,Garcon,barber_one.jpg
Art et couleur coiffeur,Manon,"15,00€",trousse barrette bandeau,Adulte,Fille,art_et_couleur_coiffeur.png
Mise de,,"210,00€",/ 200€ pour cette manche,,,
,,,,,,
Carton,,,,,,
APE de Valleiry,Ines,"359,99€",Tablette Gemini Android ,Adulte,,ape.png
Mise de,,"359,99€",/ 350€ pour cette manche,,,
,,,,,,
Surprise bleu,,,,,,
Carton,,,,,,
MG TOITURE,Barbara,"800,00€",pour toute prestation de décapage de toiture le traitement anti mousse (800€) est offert ,Adulte,Mix,ape.png
Mise de,,"800,00€",/ 770€ pour cette manche,,,
,,,,,,
Entracte,1,"10,00€",20,,,
,,,,,,
Partie Adulte n°5,,,,,,
Quine,,,,,,
iad,Cécile,"20,00€",Une bouteille,Adulte,Mix,cf_iad.webp
Biofrais,Manon,"20,00€",Un bon d'achat 20€,Adulte,Mix,bio_frais.jpg
Carrefour Market Valleiry ,Violaine,"20,00€",1 panier garni ,Adulte,Mix,carrefour_market.jpg
Clarins,Ines et Charlotte ,"8,00€",Trousse Clarins Fermeté et éclat,Adulte,Fille,clarins.jpg
Suko Sushi,Laurie-Anne,"14,90€",Une Box L ,Adulte,Mix,suko.png
Boucherie la Charolaise,Violaine,"25,00€",1 bon d'achat de 25€,Adulte,Mix,la_charolaise.png
Bosson Valleiry ,Violaine,"20,00€",1 bon de 20 €,Adulte,Mix,bosson.jpg
Mise de,,"107,90€",/ 100€ pour cette manche,,,
,,,,,,
Double-quine,,,,,,
kinésiologie Céline Charanda,Ines,"60,00€",Bon pour une séance de Kinésiologie ,Adulte,Mix,kinesiologie_Celine_Charanda.jpg
On Kart,Manon,"50,00€",2 entrées adultes,Adulte,Mix,on_kart.png
LR Beauty ,Ines,"35,00€",1 Bon pour un moment de détente ,Adulte,Mix,lr.png
Lucie Paoletti IAD,Cécile,"10,00€",1 bouteille de Prosecco,Adulte,Mix,lucie-iad.png
Culture vélo Thoiry ,Ines,"59,95€",Casque adulte (orange),Adulte,Mix,culture_vélo.svg
Mise de,,"154,95€",/ 200€ pour cette manche,,,
,,,,,,
Carton,,,,,,
L’occitane,Ines et Charlotte ,"75,00€",1 coffret fleur de cerisiers ,Adulte,Mix,occitane.jpg
APE de Valleiry,Ines,"189,97€",Lot de 2 poêles et 1 casserole GreenPan ,Adulte,,ape.png
kinésiologie Céline Charanda,Ines,"60,00€",Bon pour une séance de Kinésiologie ,Adulte,Mix,kinesiologie_Celine_Charanda.jpg
Pizzeria Chez Dydou,Manon,"20,00€",Bon pour une pizza,Adulte,Mix,dydou.jpg
Inès ,Ines,"40,00€",lot de 6 verres et carafe en cristal,Adulte,Mix,ape.png
Mise de,,"309,97€",/ 350€ pour cette manche,,,
,,,,,,
,,,,,,
Partie Adulte n°6,,,,,,
Quine,,,,,,
Carrefour Market Valleiry ,Violaine,"20,00€",1 panier garni,Adulte,Mix,carrefour_market.jpg
Garage Vidal Renault Valleiry,Ines,"13,18€",Bidon de liquide lave glace,Adulte,Mix,garage_vidal.jpg
Papo'thé,Ines,"20,00€",puzzle Van Gogh,Adulte,Mix,papothe.jpg
Dze La Voye,Violaine,"30,00€",Bon pour un goûter dans un refuge,Adulte,Mix,refuge_d_ze_la_voye.png
Version Mode,Ines,"15,00€",Bon d’achat,Adulte,Fille,version_mode.jpg
Loisirs Gessien,Laurence,"12,00€",2 bouteilles de vin blanc Chardonnay,Adulte,Mix,loisirs_gessiens.png
Mise de,,"110,18€",/ 100€ pour cette manche,,,
,,,,,,
Double-quine,,,,,,
LR Beauty ,Ines,"35,00€",1 Bon pour un moment de détente ,Adulte,Fille,lr.png
Cathy Alves reflexologie plantaire,Juliette,"50,00€",1 séance de réfléxologie plantaire,Mix,Mix,cathy_alves.png
Clarins,Ines et Charlotte,"56,00€",1 coffret Clarins Men Essentials,Adulte,Garcon,clarins.jpg
La Singulière (Laëticia),Ines,"27,00€",Une crème karité monoï ,Adulte,Mix,la_singuliere.jpg
the barber one,Manon,"30,00€",Bon pour shampoing+coupe+barbe,Adulte,Garcon,barber_one.jpg
Mise de,,"198,00€",/ 200€ pour cette manche,,,
,,,,,,
Carton,,,,,,
L’occitane,Ines et Charlotte ,"75,00€",1 coffret Neroli,Adulte,Mix,occitane.jpg
Swiss Gun Center (Genève),Gaëlle ,"280,00€",test 3 armes pour 2 personnes,Adulte,Mix,swiss_gun_center.jpg
Mise de,,"355,00€",/ 350€ pour cette manche,,,
,,,,,,
,,,,,,
Partie Adulte n°7,,,,,,
Quine,,,,,,
Biofrais,Manon,"20,00€",bon d'achat 20€,Adulte,Mix,bio_frais.jpg
Tabac Viry,Violaine,"24,90€",Bijou,Adulte,Fille,tabac_viry.jpg
boulangerie benoit,Juliette,"20,00€",Deux bons d'achat de 10€,Adulte,Mix,boulangerie_benoit.jpg
Intermarché Peron,Ines,"9,99€",Un tabouret,Adulte,Mix,intermarche_peron.jpg
Art et couleur coiffeur,Manon,"15,00€",trousse barrette bandeau,Adulte,Fille,art_et_couleur_coiffeur.png
Gamm vert,isabelle,"10,00€",1 boîte de caramels tendres au beurre salé ,Adulte,Mix,gamm_vert.jpg
Orpi,Cécile,"30,00€",1 coffret Champagne,Adulte,Mix,orpi.png
Mise de,,"129,89€",/ 100€ pour cette manche,,,
,,,,,,
Double-quine,,,,,,
kinésiologie Céline Charanda,Ines,"60,00€",Bon pour une séance de Kinésiologie ,Adulte,Mix,kinesiologie_Celine_Charanda.jpg
Pharmacie Valleiry,Manon,"40,00€",Un coffret bien être ,Adulte,Fille,pharmacie_de_valleiry.jpg
L’occitane,Ines et Charlotte ,"55,00€",1 coffret 1ers rayons,Adulte,Mix,occitane.jpg
Pizzeria Chez Dydou,Manon,"20,00€",Bon pour une pizza,Adulte,Mix,dydou.jpg
Clarins,Ines et Charlotte ,"48,00€",1 coffret Clarins Men,Adulte,Garcon,clarins.jpg
Mise de,,"223,00€",/ 200€ pour cette manche,,,
,,,,,,
Carton,,,,,,
Domaine de la Mucelle,Manon,"37,00 €",1 lot comprenant 3 bouteilles de vin,Adulte,Mix,mucelle.jpg
LR Beauty ,Ines,"35,00€",1 Bon pour un moment de détente ,Adulte,Fille,lr.png
Intermarché Peron,Ines,"100,00€",Un aspirateur ,Adulte,Mix,intermarche_peron.jpg
kinésiologie Céline Charanda,Ines,"60,00€",Bon pour une séance de Kinésiologie ,Adulte,Mix,kinesiologie_Celine_Charanda.jpg
Chaise à bascule,Violaine,"50,00€","Carte cadeau 50€
",Adulte,,chaise_à_bascule.jpg
Club Aéronautique d'Annemasse,Olivier,"40,00€",1 baptême de l’air de 10 minutes ,Adulte,Mix,Aérodrome_club_annemasse.jpg
Mise de,,"322,00€",/ 350€ pour cette manche,,,
,,,,,,
Surprise rouge,,,,,,
Carton,,,,,,
VOKALISE,Barbara,"300,00€","Soirée karaoké Privée de 20h à 00h
",,,vokalise.webp
Mise de,,"300,00€",/ 770€ pour cette manche,,,
,,,,,,
Entracte,2,"5,00€",20,,,
,,,,,,
Partie Adulte n°8,,,,,,
Quine,,,,,,
Suko Sushi,Laurie-Anne,"14,90€",Une Box L ,Adulte,Mix,suko.png
Fromagerie Bouchet,Violaine,"9,90€",1 Bon pour un Reblochon Fruitier ,Adulte,Mix,bouchet.png
Carrefour Market Valleiry ,Violaine,"20,00€",1 panier garni ,Adulte,Mix,carrefour_market.jpg
Bosson Valleiry ,Violaine,"20,00€",1 bon de 20€,Adulte,Mix,bosson.jpg
Tabac Viry,Violaine,"25,00€",Bijou,Adulte,Fille,tabac_viry.jpg
Intermarché Peron,Ines,"12,99€",Un lot de boxer,Adulte,Mix,intermarche_peron.jpg
Intermarché Peron,Ines,"5,99€",Un oreiller,Adulte,Mix,intermarche_peron.jpg
Mise de,,"108,78€",/ 100€ pour cette manche,,,
,,,,,,
Double-quine,,,,,,
kinésiologie Céline Charanda,Ines,"60,00€",Bon pour une séance de Kinésiologie ,Adulte,Mix,kinesiologie_Celine_Charanda.jpg
the barber one,Manon,"35,00€",Bon pour une coupe+ soin visage premium,Adulte,Garcon,barber_one.jpg
L’occitane,Ines et Charlotte ,"45,00€",Le savon Verveine 350 ml,Adulte,Mix,occitane.jpg
Intermarché Peron,Ines,"31,90€",PLAT CARRE BLEU,Adulte,Mix,intermarche_peron.jpg
Intermarché Peron,Ines,"29,90€",PLAT OVAL BEIGE,Adulte,Mix,intermarche_peron.jpg
Mise de,,"201,80€",/ 200€ pour cette manche,,,
,,,,,,
Carton,,,,,,
les lunettes de valleiry,Gaëlle ,"200,00€","Panier garni (bouteille,pannetonne)+ lunettes ray Ban",Adulte,Mix,les_lunettes_de_valleiry.jpg
Garage Vidal Renault Valleiry,Violaine,"85,00€",1 bon de 85 euros pour un montage pneumatique,Adulte,Mix,garage_vidal.jpg
kinésiologie Céline Charanda,Ines,"60,00€",Bon pour une séance de Kinésiologie ,Adulte,Mix,kinesiologie_Celine_Charanda.jpg
Mise de,,"345,00€",/ 350€ pour cette manche,,,
,,,,,,
,,,,,,
Partie Adulte n°9,,,,,,
Quine,,,,,,
La grande evasion escape game,Juliette,"25,00€",1 bon cadeau de 25 euros ,Mix,Mix,la_grande_evasion_escape_game.png
la cave papompette,Manon,"15,00€",bon 15€ coté papompette,Adulte,Mix,papompette.jpg
Cécile Fournier IAD,Cécile,"25,00€",Coffret duc de gascogne,Adulte,Mix,cf_iad.webp
orpi,Cécile,"25,00€",Une bouteille ,Adulte,Mix,orpi.png
Papo'thé,Ines,"15,00€",carnet de notes astrologique ,Adulte,Mix,papothe.jpg
Mise de,,"105,00€",/ 100€ pour cette manche,,,
,,,,,,
Double-quine,,,,,,
LR Beauty ,Ines,"35,00€",1 Bon pour un moment de détente ,Adulte,Fille,lr.png
DeliAsie Viry,Violaine,"35,00€",Bon de 35€,Adulte,Mix,deli_asie.png
kinésiologie Céline Charanda,Ines,"60,00€",Bon pour une séance de Kinésiologie ,Adulte,Mix,kinesiologie_Celine_Charanda.jpg
Hair dress color,Ines,"40,00€",Bon pour une coupe adulte ,Adulte,Mix,hair_dress_color.png
Groupama,Cécile,"30,00€",Sac groupama goodies,Adulte,Mix,groupama.webp
Mise de,,"200,00€",/ 200€ pour cette manche,,,
,,,,,,
Carton,,,,,,
Culture vélo Thoiry ,Juliette,"70,00€",Casque vélo adulte (jaune),Adulte,Mix,culture_vélo.svg
APE de Valleiry,Juliette,"88,00€",2 places pour Walibi,Mix,,ape.png
les maux en lumière,Juliette,"90,00€",1 séance ,Adulte,Mix,maux_en_lumiere.jpg
Intermarché Peron,Ines,"99,99€",Un air fryer,Adulte,Mix,intermarche_peron.jpg
Mise de,,"347,99€",/ 350€ pour cette manche,,,
,,,,,,
,,,,,,
Partie Adulte n°10,,,,,,
Quine,,,,,,
Cécile Fournier IAD,Cécile,"10,00€",1 bouteille de vin,Adulte,Mix,cf_iad.webp
Garage Vidal Renault Valleiry,Violaine,"85,00€",1 bon de 85 euros pour un montage pneumatique,Adulte,Mix,garage_vidal.jpg
Mise de,,"95,00€",/ 100€ pour cette manche,,,
,,,,,,
Double-quine,,,,,,
LR Beauty ,Ines,"35,00€",1 Bon pour un moment de détente ,Adulte,Fille,lr.png
VOKALISE,Barbara,"35,00€",Initiation au chant  -                   1 h de cours de chant,Mix,Mix,vokalise.webp
Le Herisson Savoyard,Violaine,"75,00€","Bon pour un ramonage. 
",,,le_herisson_savoyard.jpg
APE de Valleiry,Ines,"36,00€",Jeu bande dessinées ,Adulte,,ape.png
Mise de,,"181,00€",/ 200€ pour cette manche,,,
,,,,,,
Carton,,,,,,
APE de Valleiry,Ines,"299,99€",Aspirateur Robot Lefant,Adulte,,ape.png
Mise de,,"299,99€",/ 350€ pour cette manche,,,
,,,,,,
Surprise turquoise,,,,,,
Carton,,,,,,
Café du Rhone,Ines,23€,1 bouteille de vin,Adulte,mix,cafe-du-rhone.jpg
APE de Valleiry,,"49,99€",1 appareil Croc Time Tefal,Adulte,,ape.png
Maryline,Maryline,"29,99€",1 grille pain Tefal,Adulte,,ape.png
Chateau de Chillon,Laurie-Anne,"44,00 €",2 entrées adultes et 2 entrées enfants,Adulte,Mix,chateau_de_chillon.jpg
Intermarché de Peron,Ines,"30,00 €",1 serviette de bain,Adulte,,intermarche_peron.jpg
Bulles de pions,Laurence,"9,00€","1 roman de Sylvain Tesson 
",Adulte,,bulles_de_pions.svg
Mise de,,"185,98€",/ 350€ pour cette manche,,,
,,,,,,
Surprise jaune,,,,,,
Carton,,,,,,
Intermarché Peron,Ines,"62,99€",Set de 16 couverts,Adulte,Mix,intermarche_peron.jpg
LR Beauty ,Ines,"35,00€",1 Bon pour un moment de détente ,Adulte,Mix,lr.png
APE de Valleiry,Ines,"99,50€",Une enceinte,Adulte,,ape.png
APE de Valleiry,Ines,"129,99€",Montre connectée homme,Adulte,,ape.png
Mise de,,"327,48€",/ 300€ pour cette manche,,,
,,,,,,
Entracte,3,"3,00€",10,,,
,,,,,,
Surprise rose,,,,,,
Carton,,,,,,
Domaine de la Mucelle,Manon,37€,1 lot comprenant 3 bouteilles de vin,Adulte,Mix,mucelle.jpg
Servette Fc - Ender,Ines,"180,00 €",2 places adultes pour un match de foot et 2 écharpes,Adulte,Mix,servette_fc.png
Carrefour contact Viry,Violaine,"20,00€","1 Bon d'achat de 20 €
",,,carrefour_lambert.jpg
Totem Climbing escalade,Manon,"32,00 €",2 entrées adultes,Adulte,Mix,totem_climbing.jpg
Chateau de Chillon,Laurie-Anne,"44,00 €",2 entrées adultes et 2 entrées enfants,Adulte,Mix,chateau_de_chillon.jpg
Mise de,,"313,00€",/ 300€ pour cette manche,,,
,,,,,,
Pas de bol,,,,,,
Carton,,,,,,
Garage Sb Autoparts,Ines,"550,80€",Une visseuse Milwaukee M18,Adulte,Mix,sb.png
Mise de,,"550,80€",/ 770€ pour cette manche,,,
,,,,,,
Outro,Merci à tous !,thanks_donators_2026.png,thanks_volunteers_2026.png,,,
,,,,,,
Gros lot,,,,,,
Carton,,,,,,
Groupama,Cécile,"779,00€",Un week-end au Château de Pizay **** et deux places pour un match de foot au Groupama Stadium.,Adulte,Mix,groupama.webp
Mise de,,"779,00€",/ 770€ pour cette manche,,,
,,,,,,
Parties Enfant,,,,,,
Partie Enfant n°1,,,,,,
Quine,,,,,,
Aloya,Ines,"19,99€",Création de toiles abstraites ,Enfant,Mix,aloya.jpg
MC créations,Manon,"10,00€",chouchou cheveux fait maison,Enfant,Fille,mc_creations.jpg
Bulles de pions,Laurence,"11,00€","BD ""30 visages de Lanfeust""",Enfant,Mix,bulles_de_pions.svg
Micromania,Ines,"10,00€",Poster Pokemon,Enfant,Mix,micromania.png
Intermarché Peron,Ines,"11,78€",PEINTURE DOIGT ,Enfant,Mix,intermarche_peron.jpg
Papo'thé,Ines,"5,90€",pochoir Aladine,Enfant,Mix,papothe.jpg
Papo'thé,Ines,"6,00€",boîte à dents,Enfant,Mix,papothe.jpg
Papo'thé,Ines,"10,90€",set outils fimo kids/rouleau ,Enfant,Mix,papothe.jpg
Tabac Viry,Violaine,"6,90€",Slime Rebondissant,Enfant,Mix,tabac_viry.jpg
Tabac Viry,Violaine,"12,00€",Bouillotte nuage rose,Enfant,Fille,tabac_viry.jpg
Mise de,,"104,47€",/ 100€ pour cette manche,,,
,,,,,,
Double-quine,,,,,,
kinésiologie Céline Charanda,Ines,"60,00€",Bon pour une séance de Kinésiologie ,Enfant,Mix,kinesiologie_Celine_Charanda.jpg
APE de Valleiry,Juliette,"28,99€",Playmobile,Enfant,,ape.png
On Kart,Manon,"44,00€",2 entrées enfant,Enfant,Mix,on_kart.png
Intermarché Peron,Ines,"35,50€",LA BONNE PAYE,Enfant,Mix,intermarche_peron.jpg
Aloya,Ines,"29,99€",Malette à docteur,Enfant,Mix,aloya.jpg
Mise de,,"198,48€",/ 200€ pour cette manche,,,
,,,,,,
Carton,,,,,,
kinésiologie Céline Charanda,Ines,"60,00€",Bon pour une séance de Kinésiologie ,Enfant,Mix,kinesiologie_Celine_Charanda.jpg
Chaise à bascule,Violaine,"12,50€",Livre ,Enfant,Mix,chaise_à_bascule.jpg
Aloya,Ines,"29,99€",Malette à docteur ,Enfant,Mix,aloya.jpg
en voiture Simone,Violaine,"20,00€",Un pot à crayon à personnaliser,Enfant,Mix,voiture_simone.png
APE de Valleiry,Cécile,"29,99€",MEGA 4 pokemon a construire,Enfant,,ape.png
Inès ,Ines,"15,95€",Jeu perles à repasser Dinosaures ,Enfant,Garcon,ape.png
Intermarché Peron,Ines,"22,50€",1 set de customisation pour baskets,Enfant,Mix,intermarche_peron.jpg
Tabac Viry,Violaine,"6,99€",Tatoos Paw Patrol,Enfant,Mix,tabac_viry.jpg
Tabac Viry,Violaine,"6,90€",Slime Rebondissant,Enfant,Mix,tabac_viry.jpg
Papo'thé,Ines,"20,00€","jeu ""À l’attaque du château""",Enfant,Mix,papothe.jpg
Papo'thé,Ines,"9,90€","vide poche ""les feurs""",Enfant,Mix,papothe.jpg
Papo'thé,Ines,"19,90€","Set de plage (pelle, râteau, sceau)",Enfant,Mix,papothe.jpg
Papo'thé,Ines,"9,90€","déco ""les cactus""",Enfant,Mix,papothe.jpg
Papo'thé,Ines,"10,90€",set outils fimo kids/rouleau ,Enfant,Mix,papothe.jpg
Papo'thé,Ines,"39,99€",dînette bois Janod,Enfant,Mix,papothe.jpg
Mise de,,"315,41€",/ 300€ pour cette manche,,,
,,,,,,
,,,,,,
Partie Enfant n°2,,,,,,
Quine,,,,,,
Aloya,Ines,"10,99€",26 tampons à encre,Enfant,Fille,aloya.jpg
Inès ,Ines,"10,95€",Guirlande à pompons des p’tits potes,Enfant,Mix,ape.png
Bowling Annemasse,Juliette,"6,50€",bon pour une partie,Enfant,Mix,bowling_annemasse.jpg
Micromania,Ines,"10,00€",Poster Pokemon,Enfant,Mix,micromania.png
Tabac Viry,Violaine,"6,90€",Slime Rebondissant,Enfant,Mix,tabac_viry.jpg
Papo'thé,Ines,"9,90€","déco ""les cactus""",Enfant,Mix,papothe.jpg
Papo'thé,Ines,"19,90€","Set de plage (pelle, râteau, sceau)",Enfant,Mix,papothe.jpg
Papo'thé,Ines,"8,00€",Boîte à souvenirs empreintes pieds,Enfant,Mix,papothe.jpg
Papo'thé,Ines,"5,90€",pochoir Aladine,Enfant,Mix,papothe.jpg
Papo'thé ,Ines,"19,50€",Hochet Bébé Vilac,Enfant,Mix,papothe.jpg
Mise de,,"108,54€",/ 100€ pour cette manche,,,
,,,,,,
Double-quine,,,,,,
kinésiologie Céline Charanda,Ines,"60,00€",Bon pour une séance de Kinésiologie ,Enfant,Mix,kinesiologie_Celine_Charanda.jpg
Aloya,Ines,"9,90€",Jeu carré rectangle triangle cercle,Enfant,Mix,aloya.jpg
Aloya,Ines,"30,00€",Set initiation musicale ,Enfant,Mix,aloya.jpg
Inès ,Ines,"5,00€",Emporte-pièce pour la cuisine ,Enfant,Mix,ape.png
Totem climbing Escalade,Manon,"18,00 €",2 entrées enfants,Enfant,Mix,totem_climbing.jpg
Bulles de pions,Laurence,"14,00€",Jeu de société MOMO,Enfant,Mix,bulles_de_pions.svg
Papo'thé,Manon,"29,90€",jeu Famille zéro déchet,Enfant,Mix,papothe.jpg
Papo'thé,Ines,"22,00€",malette Maped créative cirque,Enfant,Mix,papothe.jpg
Papo'thé,Ines,"10,90€",set outils fimo kids/rouleau ,Enfant,Mix,papothe.jpg
Tabac Viry,Violaine,"6,99€",Tatoos Paw Patrol,Enfant,Mix,tabac_viry.jpg
Tabac Viry,Violaine,"5,99€",Tatoos Holo Toys,Enfant,Mix,tabac_viry.jpg
Mise de,,"152,68€",/ 200€ pour cette manche,,,
,,,,,,
Carton,,,,,,
kinésiologie Céline Charanda,Ines,"60,00€",Bon pour une séance de Kinésiologie ,Enfant,Mix,kinesiologie_Celine_Charanda.jpg
Micromania,Ines,"10,00€",Poster Pokemon,Enfant,,micromania.png
Bulles de pions,Olivier,"16,00€","Jeu ""the number""",Enfant,Mix,bulles_de_pions.svg
APE de Valleiry,,"35,00€",Jeu Marvel,Enfant,,ape.png
Le boudoir,Ines,"15,00€",Lampe à histoire,Enfant,Garcon,le_boudoir.png
L’Anesens,Isabelle,"50,00€",1 Bon cadeau pour un partage autour des ânes ,Enfant,Mix,anessens.jpg
Papo'thé,Ines,"8,00€",Boîte à souvenirs empreintes pieds,Enfant,Mix,papothe.jpg
Papo'thé,Ines,"19,95€",hérisson pompon,Enfant,Mix,papothe.jpg
Papo'thé,Ines,"10,00€",cahier + plumes Aladine,Enfant,Mix,papothe.jpg
Tabac Viry,Violaine,"19,90€",Un parfum,Enfant,Mix,tabac_viry.jpg
Tabac Viry,Violaine,"6,90€",Slime Rebondissant,Enfant,Mix,tabac_viry.jpg
Tabac Viry,Violaine,"6,99€",Tatoos Paw Patrol,Enfant,Mix,tabac_viry.jpg
Tabac Viry ,Violaine,"10,99€",Corde à sauter Lapin,Enfant,Fille,tabac_viry.jpg
Tabac Viry,Violaine,"12,95€",Bracelets 'Toi & Moi',Enfant,Fille,tabac_viry.jpg
Tabac Viry,Violaine,"9,00€",Cadeau ,Enfant,Mix,tabac_viry.jpg
Tabac Viry,Violaine,"10,62€",Livre Prénom,Enfant,,tabac_viry.jpg
Mise de,,"301,30€",/ 300€ pour cette manche,,,
,,,,,,
Surprise violet,,,,,,
Carton,,,,,,
Intermarché de Peron,Ines,"30,00 €",Collection 40 petites voitures Team Bolide,Enfant,Mix,intermarche_peron.jpg
Totem climbing Escalade,Manon,"18,00 €",2 entrées enfants,Enfant,Mix,totem_climbing.jpg
Musée musique mécanique ,Cécile,"24,00 €",4 entrées enfants au musée Musique Mécanique,Enfant,Mix,mechanical_music.jpg
APE de Valleiry,Juliette,"88,00€",Walibi,Mix,,ape.png
Mise de,,"160,00€",/ 770€ pour cette manche,,,
,,,,,,
,,,,,,
Entracte,1,"5,00€",15,,,
,,,,,,
,,,,,,
Partie Enfant n°3,,,,,,
Quine,,,,,,
Bowling Annemasse,Juliette,"6,50€",bon pour une partie,Enfant,Mix,bowling_annemasse.jpg
Bulles de pions,Laurence,"20,00€",jeu société MOUTON,Enfant,Mix,bulles_de_pions.svg
APE de Valleiry,Cécile,"24,99€",MEGA coffret pikachu,Enfant,,ape.png
Papo'thé,Ines,"10,90€",set outils fimo kids/rouleau ,Enfant,Mix,papothe.jpg
Papo'thé,Ines,"9,90€","carte postale ""les aquarelles""",Enfant,Mix,papothe.jpg
Tabac Viry ,Violaine,"12,50€",Statuette de fée rose,Enfant,Fille,tabac_viry.jpg
Tabac Viry,Violaine,"6,99€",Tatoos Paw Patrol,Enfant,Mix,tabac_viry.jpg
Tabac Viry,Violaine,"10,62€",Livre Prénom,Enfant,,tabac_viry.jpg
Mise de,,"102,40€",/ 100€ pour cette manche,,,
,,,,,,
Double-quine,,,,,,
kinésiologie Céline Charanda,Ines,"60,00€",Bon pour une séance de Kinésiologie ,Enfant,Mix,kinesiologie_Celine_Charanda.jpg
Aloya,Ines,"30,00€",Set initiation musicale ,Enfant,Mix,aloya.jpg
Le Sunset Vitam,Olivier,"12,95€","BD: ""Gaston Lagaffe""",Enfant,Mix,le_sunset.jpg
After by Gaelle,Manon,"30,00€",Coupe cheveux enfant,Enfant ,mix,after.jpg
Intermarché Peron,Ines,"14,40€",THE BELLIES KIT D'URGENCE,Enfant,Mix,intermarche_peron.jpg
APE de Valleiry,Juliette,"29,99€",Playmobile,Enfant,,ape.png
MC créations,Manon,"10,00€",chouchou cheveux fait maison,Enfant,Fille,mc_creations.jpg
Papo'thé,Ines,"5,90€",pochoir Aladine,Enfant,Mix,papothe.jpg
Musée musique mécanique ,Cécile,"12,00 €",2 entrées enfant au musée Musique Mécanique,Enfant,Mix,mechanical_music.jpg
Tabac Viry ,Violaine,"10,90€",Bonnet et chaussettes pour bébé ,Enfant,Fille,tabac_viry.jpg
Tabac Viry,Violaine,"6,99€",Tatoos Paw Patrol,Enfant,Mix,tabac_viry.jpg
Mise de,,"223,13€",/ 200€ pour cette manche,,,
,,,,,,
Carton,,,,,,
kinésiologie Céline Charanda,Ines,"60,00€",Bon pour une séance de Kinésiologie ,Enfant,Mix,kinesiologie_Celine_Charanda.jpg
Micromania,Ines,"10,00€",Poster Pokemon,Enfant,Mix,micromania.png
Intermarché Peron,Ines,"16,00€",Cabinet vétérinaire - PLAYMOBIL,Enfant,Mix,intermarche_peron.jpg
les lunettes de valleiry,Gaëlle ,"120,00€",2 jeux PS 5 + chocolats ,Enfant,Mix,les_lunettes_de_valleiry.jpg
Papo'thé,Ines,"9,90€","déco murale ""les cadres cinéma""",Enfant,Mix,papothe.jpg
Papo'thé,Ines,"11,00€",plaque personnalisée prenom,Enfant,Mix,papothe.jpg
Papo'thé,Ines,"39,99€",boîte à musique bijoux ballerine,Enfant,Fille,papothe.jpg
Papo'thé,Ines,"5,90€",pochoir Aladine,Enfant,Mix,papothe.jpg
Tabac Viry,Violaine,"6,99€",Tatoos Paw Patrol,Enfant,Mix,tabac_viry.jpg
Tabac Viry,Violaine,"6,99€",Tatoos Paw Patrol,Enfant,Mix,tabac_viry.jpg
Tabac Viry,Violaine,"6,90€",Slime Rebondissant,Enfant,Mix,tabac_viry.jpg
Tabac Viry,Violaine,"5,99€",Tatoos Holo Toys,Enfant,Mix,tabac_viry.jpg
Mise de,,"299,66€",/ 300€ pour cette manche,,,
,,,,,,
,,,,,,
Partie Enfant n°4,,,,,,
Quine,,,,,,
Micromania,Ines,"10,00€",Poster Pokemon,Enfant,Mix,micromania.png
Inès ,Ines,"5,00€",Emporte-pièce pour la cuisine ,Enfant,Mix,ape.png
Intermarché Peron,Ines,"10,00€",Bébé jumeaux et maman - PLAYMOBIL,Enfant,Fille,intermarche_peron.jpg
Papo'thé,Ines,"6,00€",boîte à dents,Enfant,Mix,papothe.jpg
Papo'thé,Ines,"22,00€",malette Maped créative cirque,Enfant,Mix,papothe.jpg
Papo'thé,Ines,"21,00€",jeu Mobile ailé papillon/ Fabuleuse Stars,Enfant,Fille,papothe.jpg
Papo'thé,Ines,"5,90€",pochoir Aladine,Enfant,Mix,papothe.jpg
Tabac Viry,Violaine,"6,99€",Tatoos Paw Patrol,Enfant,Mix,tabac_viry.jpg
Tabac Viry,Violaine,"10,62€",Livre Prénom,Enfant,,tabac_viry.jpg
Tabac Viry,Violaine,"5,99€",Tatoos Holo Toys,Enfant,Mix,tabac_viry.jpg
Mise de,,"103,50€",/ 100€ pour cette manche,,,
,,,,,,
Double-quine,,,,,,
kinésiologie Céline Charanda,Ines,"60,00€",Bon pour une séance de Kinésiologie ,Enfant,Mix,kinesiologie_Celine_Charanda.jpg
APE de Valleiry,,"50,00€",Jeu Eleven Foot,Enfant,,ape.png
Micromania,Ines,"10,00€",Poster Pokemon,Enfant,Mix,micromania.png
Inès ,Ines,"15,95€",Voiture Hot Wheels change de couleur dans l’eau,Enfant,Garcon,ape.png
Papo'thé,Ines,"14,90€",Licorne Créative (loisirs créatifs),Enfant,Fille,papothe.jpg
Papo'thé,Ines,"32,90€",Jouet tablette match and connect,Enfant,Mix,papothe.jpg
Tabac Viry ,Violaine,"10,90€",Bonnet et chaussons pour bébé ,Enfant,Mix,tabac_viry.jpg
Tabac Viry,Violaine,"6,99€",Tatoos Paw Patrol,Enfant,Mix,tabac_viry.jpg
Mise de,,"201,64€",/ 200€ pour cette manche,,,
,,,,,,
Carton,,,,,,
Aloya,Ines,"19,99€",Création de toiles abstraites crea pouring,Enfant,Mix,aloya.jpg
Bowling Annemasse,Juliette,"6,50€",bon pour une partie,Enfant,Mix,bowling_annemasse.jpg
Bulles de pions,Laurence,"15,00€",Jeu société MERCI,Enfant,Mix,bulles_de_pions.svg
kinésiologie Céline Charanda,Ines,"60,00€",Bon pour une séance de Kinésiologie ,Enfant,Mix,kinesiologie_Celine_Charanda.jpg
Inès ,Ines,"5,00€",Emporte-pièce pour la cuisine ,Enfant,Mix,ape.png
Intermarché Peron,Ines,"35,00€",Jungle Speed,Enfant,Mix,intermarche_peron.jpg
Intermarché Peron,Ines,"9,99€",MAMAN BEBE JUMEAUX PLAYMOBIL,Enfant,Mix,intermarche_peron.jpg
Papo'thé,Ines,"9,90€","vide poche ""les feurs""",Enfant,Mix,papothe.jpg
Papo'thé ,Manon,"71,40€",jeu Histoires de peluches,Enfant,Mix,papothe.jpg
Papo'thé,Ines,"9,90€","carte postale ""les aquarelles""",Enfant,Mix,papothe.jpg
Papo'thé,Ines,"6,00€",boîte à dents,Enfant,Mix,papothe.jpg
Papo'thé,Ines,"13,50€",magnets dino,Enfant,Mix,papothe.jpg
Tabac Viry,Violaine,"5,99€",Tatoos Holo Toys,Enfant,Mix,tabac_viry.jpg
Tabac Viry,Violaine,"5,00€",Panoplie de bijoux fantaisie ,Enfant,Fille,tabac_viry.jpg
Tabac Viry,Violaine,"6,99€",Tatoos Paw Patrol,Enfant,Mix,tabac_viry.jpg
Tabac Viry,Violaine,"10,62€",Livre Prénom,Enfant,,tabac_viry.jpg
Tabac Viry,Violaine,"5,99€",Tatoos Holo Toys,Enfant,Mix,tabac_viry.jpg
Tabac Viry,Violaine,"6,90€",Slime Rebondissant,Enfant,Mix,tabac_viry.jpg
Mise de,,"303,67€",/ 300€ pour cette manche,,,
,,,,,,
,,,,,,
Surprise verte,,,,,,
Carton,,,,,,
Servette FC/ Ender,Ines,"180,00 €",2 places pour un match de foot et 2 écharpes ,Enfant,Mix,servette_fc.png
Totem climbing Escalade,Manon,"18,00 €",2 entrées enfants,Enfant,Mix,totem_climbing.jpg
APE de Valleiry,Juliette,"88,00€",2 entrées pour Walibi,Mix,,ape.png
Mise de,,"286,00€",/ 770€ pour cette manche,,,
,,,,,,
,,,,,,
Entracte,2,"2,00€",15,,,
,,,,,,
Pas de bol,,,,,,
Carton,,,,,,
APE de Valleiry,Cécile,"90,00€",Trotinette freestyle,Enfant,Mix,ape.png
Culture vélo Thoiry ,Juliette,"38,00€",Un casque vélo enfant (jaune),Enfant,Mix,culture_vélo.svg
kinésiologie Céline Charanda,Ines,"60,00€",Bon pour une séance de Kinésiologie ,Enfant,Mix,kinesiologie_Celine_Charanda.jpg
Les aigles du Léman ,LAurie-Anne,"26,00 €",2 entrées enfant,Enfant,Mix,les_aigles_du_leman.jpg
Totem climbing Escalade,Manon,"18,00 €",2 entrées enfants,Enfant,Mix,totem_climbing.jpg
APE de Valleiry,Juliette,"88,00€",2 entrées pour Walibi,Mix,,ape.png
Mise de,,"320,00€",/ 400€ pour cette manche,,,
,,,,,,
Outro,Merci à tous !,thanks_donators_2025.png,thanks_volunteers_2025.png,,,
,,,,,,
,,,,,,
Gros lot,,,,,,
Carton,,,,,,
APE de Valleiry,Cécile,"279,99€",Switch +jeu,Enfant,,ape.png
Parc de Courzieu,Manon,"28,00 €",2 entrées enfant ,Enfant,Mix,parc_de_courzieu.png
kinésiologie Céline Charanda,Ines,"60,00€",Bon pour une séance de Kinésiologie ,Enfant,Mix,kinesiologie_Celine_Charanda.jpg
Mise de,,"367,99€",/ 280€ pour cette manche,,,